date,ppi_drilling,ppi_support,ppi_oil,ppi_gas,delta_log_oil,delta_log_gas,delta_log_drilling,delta_log_support,delta_log_oil_lag1,delta_log_oil_lag2,delta_log_oil_lag3,delta_log_oil_lag4,delta_log_oil_lag5,delta_log_oil_lag6,delta_log_oil_lag7,delta_log_oil_lag8,delta_log_drilling_1,delta_log_support_1,delta_log_drilling_2,delta_log_support_2,delta_log_drilling_3,delta_log_support_3,delta_log_drilling_4,delta_log_support_4,delta_log_drilling_5,delta_log_support_5,delta_log_drilling_6,delta_log_support_6
1985-12-31,100.0,100.0,85.1,97.5,,,,,,,,,,,,,,,,,,,,,,,,
1986-03-31,97.56666666666666,99.33333333333333,66.39999999999999,97.76666666666667,-0.2481299790969409,0.0027313093114944564,-0.024634280958361288,-0.006688988150797215,,,,,,,,,,,,,,,,,,,,
1986-06-30,92.36666666666667,95.16666666666667,40.666666666666664,95.10000000000001,-0.4902883004172409,-0.027654717763951453,-0.05476974182890704,-0.04285145740933949,-0.2481299790969409,,,,,,,,-0.024634280958361288,-0.006688988150797215,,,,,,,,,,
1986-09-30,89.23333333333333,91.76666666666667,38.56666666666667,83.66666666666667,-0.053020410533625384,-0.12808831908767004,-0.03451150134262626,-0.036380616947503164,-0.4902883004172409,-0.2481299790969409,,,,,,,-0.05476974182890704,-0.04285145740933949,-0.024634280958361288,-0.006688988150797215,,,,,,,,
1986-12-31,86.03333333333335,90.89999999999999,42.0,81.76666666666667,0.08528127275184705,-0.022970987867340753,-0.036519843801738894,-0.009489122297019037,-0.053020410533625384,-0.4902883004172409,-0.2481299790969409,,,,,,-0.03451150134262626,-0.036380616947503164,-0.05476974182890704,-0.04285145740933949,-0.024634280958361288,-0.006688988150797215,,,,,,
1987-03-31,85.16666666666667,91.10000000000001,51.699999999999996,80.56666666666666,0.2077881632310148,-0.014784663555006183,-0.010124697080808431,0.0021978030824794104,0.08528127275184705,-0.053020410533625384,-0.4902883004172409,-0.2481299790969409,,,,,-0.036519843801738894,-0.009489122297019037,-0.03451150134262626,-0.036380616947503164,-0.05476974182890704,-0.04285145740933949,-0.024634280958361288,-0.006688988150797215,,,,
1987-06-30,84.8,91.73333333333333,54.76666666666667,80.2,0.057623954860729576,-0.004561484168858598,-0.004314578177792683,0.0069280131251669985,0.2077881632310148,0.08528127275184705,-0.053020410533625384,-0.4902883004172409,-0.2481299790969409,,,,-0.010124697080808431,0.0021978030824794104,-0.036519843801738894,-0.009489122297019037,-0.03451150134262626,-0.036380616947503164,-0.05476974182890704,-0.04285145740933949,-0.024634280958361288,-0.006688988150797215,,
1987-09-30,85.5,91.86666666666667,59.56666666666666,79.83333333333333,0.08401439712215986,-0.00458238668960842,0.008220833144857664,0.001452433080314286,0.057623954860729576,0.2077881632310148,0.08528127275184705,-0.053020410533625384,-0.4902883004172409,-0.2481299790969409,,,-0.004314578177792683,0.0069280131251669985,-0.010124697080808431,0.0021978030824794104,-0.036519843801738894,-0.009489122297019037,-0.03451150134262626,-0.036380616947503164,-0.05476974182890704,-0.04285145740933949,-0.024634280958361288,-0.006688988150797215
1987-12-31,86.43333333333334,95.2,55.86666666666667,77.39999999999999,-0.06412823411739943,-0.030954347587178965,0.010857027933794505,0.03564169132592632,0.08401439712215986,0.057623954860729576,0.2077881632310148,0.08528127275184705,-0.053020410533625384,-0.4902883004172409,-0.2481299790969409,,0.008220833144857664,0.001452433080314286,-0.004314578177792683,0.0069280131251669985,-0.010124697080808431,0.0021978030824794104,-0.036519843801738894,-0.009489122297019037,-0.03451150134262626,-0.036380616947503164,-0.05476974182890704,-0.04285145740933949
1988-03-31,89.0,96.76666666666667,49.0,78.13333333333334,-0.13114760126924674,0.009429988439066506,0.029262965855630263,0.016322640565154423,-0.06412823411739943,0.08401439712215986,0.057623954860729576,0.2077881632310148,0.08528127275184705,-0.053020410533625384,-0.4902883004172409,-0.2481299790969409,0.010857027933794505,0.03564169132592632,0.008220833144857664,0.001452433080314286,-0.004314578177792683,0.0069280131251669985,-0.010124697080808431,0.0021978030824794104,-0.036519843801738894,-0.009489122297019037,-0.03451150134262626,-0.036380616947503164
1988-06-30,89.83333333333333,95.7,50.4,77.5,0.0281708769666964,-0.008138832675446572,0.009319731948802534,-0.011084283903565861,-0.13114760126924674,-0.06412823411739943,0.08401439712215986,0.057623954860729576,0.2077881632310148,0.08528127275184705,-0.053020410533625384,-0.4902883004172409,0.029262965855630263,0.016322640565154423,0.010857027933794505,0.03564169132592632,0.008220833144857664,0.001452433080314286,-0.004314578177792683,0.0069280131251669985,-0.010124697080808431,0.0021978030824794104,-0.036519843801738894,-0.009489122297019037
1988-09-30,88.39999999999999,95.76666666666667,44.43333333333334,75.39999999999999,-0.12600123656076967,-0.027470661345391,-0.016084132037344823,0.0006963788582252661,0.0281708769666964,-0.13114760126924674,-0.06412823411739943,0.08401439712215986,0.057623954860729576,0.2077881632310148,0.08528127275184705,-0.053020410533625384,0.009319731948802534,-0.011084283903565861,0.029262965855630263,0.016322640565154423,0.010857027933794505,0.03564169132592632,0.008220833144857664,0.001452433080314286,-0.004314578177792683,0.0069280131251669985,-0.010124697080808431,0.0021978030824794104
1988-12-31,87.43333333333334,95.7,40.93333333333333,78.36666666666666,-0.08204521147162103,0.03859139186400373,-0.010995371438879076,-0.0006963788582252661,-0.12600123656076967,0.0281708769666964,-0.13114760126924674,-0.06412823411739943,0.08401439712215986,0.057623954860729576,0.2077881632310148,0.08528127275184705,-0.016084132037344823,0.0006963788582252661,0.009319731948802534,-0.011084283903565861,0.029262965855630263,0.016322640565154423,0.010857027933794505,0.03564169132592632,0.008220833144857664,0.001452433080314286,-0.004314578177792683,0.0069280131251669985
1989-03-31,87.46666666666665,96.89999999999999,51.300000000000004,82.53333333333333,0.22574602513179176,0.051803585264416974,0.00038117019710615097,0.01246122043781206,-0.08204521147162103,-0.12600123656076967,0.0281708769666964,-0.13114760126924674,-0.06412823411739943,0.08401439712215986,0.057623954860729576,0.2077881632310148,-0.010995371438879076,-0.0006963788582252661,-0.016084132037344823,0.0006963788582252661,0.009319731948802534,-0.011084283903565861,0.029262965855630263,0.016322640565154423,0.010857027933794505,0.03564169132592632,0.008220833144857664,0.001452433080314286
1989-06-30,86.86666666666667,97.43333333333334,58.9,82.76666666666667,0.1381503384808167,0.0028231517036800824,-0.006883392379188891,0.005488864552369854,0.22574602513179176,-0.08204521147162103,-0.12600123656076967,0.0281708769666964,-0.13114760126924674,-0.06412823411739943,0.08401439712215986,0.057623954860729576,0.00038117019710615097,0.01246122043781206,-0.010995371438879076,-0.0006963788582252661,-0.016084132037344823,0.0006963788582252661,0.009319731948802534,-0.011084283903565861,0.029262965855630263,0.016322640565154423,0.010857027933794505,0.03564169132592632
1989-09-30,87.53333333333335,98.83333333333333,56.53333333333333,81.93333333333334,-0.04101065596784803,-0.010119495382186372,0.007645297177950816,0.014266546320579998,0.1381503384808167,0.22574602513179176,-0.08204521147162103,-0.12600123656076967,0.0281708769666964,-0.13114760126924674,-0.06412823411739943,0.08401439712215986,-0.006883392379188891,0.005488864552369854,0.00038117019710615097,0.01246122043781206,-0.010995371438879076,-0.0006963788582252661,-0.016084132037344823,0.0006963788582252661,0.009319731948802534,-0.011084283903565861,0.029262965855630263,0.016322640565154423
1989-12-31,88.16666666666667,99.16666666666667,58.333333333333336,80.86666666666667,0.031343250565711855,-0.01310420062198503,0.007209289429658483,0.0033670065479043387,-0.04101065596784803,0.1381503384808167,0.22574602513179176,-0.08204521147162103,-0.12600123656076967,0.0281708769666964,-0.13114760126924674,-0.06412823411739943,0.007645297177950816,0.014266546320579998,-0.006883392379188891,0.005488864552369854,0.00038117019710615097,0.01246122043781206,-0.010995371438879076,-0.0006963788582252661,-0.016084132037344823,0.0006963788582252661,0.009319731948802534,-0.011084283903565861
1990-03-31,90.3,100.96666666666665,63.1,83.56666666666666,0.07854708429176327,0.032843008654298345,0.02390849779269466,0.017988493047506715,0.031343250565711855,-0.04101065596784803,0.1381503384808167,0.22574602513179176,-0.08204521147162103,-0.12600123656076967,0.0281708769666964,-0.13114760126924674,0.007209289429658483,0.0033670065479043387,0.007645297177950816,0.014266546320579998,-0.006883392379188891,0.005488864552369854,0.00038117019710615097,0.01246122043781206,-0.010995371438879076,-0.0006963788582252661,-0.016084132037344823,0.0006963788582252661
1990-06-30,90.36666666666667,103.60000000000001,51.666666666666664,79.36666666666666,-0.19990794129603096,-0.051566251671430585,0.0007380074135703296,0.025746900460301703,0.07854708429176327,0.031343250565711855,-0.04101065596784803,0.1381503384808167,0.22574602513179176,-0.08204521147162103,-0.12600123656076967,0.0281708769666964,0.02390849779269466,0.017988493047506715,0.007209289429658483,0.0033670065479043387,0.007645297177950816,0.014266546320579998,-0.006883392379188891,0.005488864552369854,0.00038117019710615097,0.01246122043781206,-0.010995371438879076,-0.0006963788582252661
1990-09-30,91.23333333333333,104.33333333333333,70.83333333333333,77.73333333333333,0.315516871445225,-0.020794299016479556,0.009544859542013562,0.007053572046660683,-0.19990794129603096,0.07854708429176327,0.031343250565711855,-0.04101065596784803,0.1381503384808167,0.22574602513179176,-0.08204521147162103,-0.12600123656076967,0.0007380074135703296,0.025746900460301703,0.02390849779269466,0.017988493047506715,0.007209289429658483,0.0033670065479043387,0.007645297177950816,0.014266546320579998,-0.006883392379188891,0.005488864552369854,0.00038117019710615097,0.01246122043781206
1990-12-31,93.43333333333334,106.16666666666667,98.2,80.76666666666667,0.3266765156640581,0.0382801733461422,0.02382784212410982,0.017419284472064867,0.315516871445225,-0.19990794129603096,0.07854708429176327,0.031343250565711855,-0.04101065596784803,0.1381503384808167,0.22574602513179176,-0.08204521147162103,0.009544859542013562,0.007053572046660683,0.0007380074135703296,0.025746900460301703,0.02390849779269466,0.017988493047506715,0.007209289429658483,0.0033670065479043387,0.007645297177950816,0.014266546320579998,-0.006883392379188891,0.005488864552369854
1991-03-31,94.8,108.53333333333335,68.73333333333333,83.0,-0.3567719324456702,0.027276268642228096,0.014521239758343185,0.02204715911616706,0.3266765156640581,0.315516871445225,-0.19990794129603096,0.07854708429176327,0.031343250565711855,-0.04101065596784803,0.1381503384808167,0.22574602513179176,0.02382784212410982,0.017419284472064867,0.009544859542013562,0.007053572046660683,0.0007380074135703296,0.025746900460301703,0.02390849779269466,0.017988493047506715,0.007209289429658483,0.0033670065479043387,0.007645297177950816,0.014266546320579998
1991-06-30,95.39999999999999,107.53333333333335,57.1,78.83333333333333,-0.18543016625278508,-0.051504688532720166,0.00630916919326463,-0.009256468437277121,-0.3567719324456702,0.3266765156640581,0.315516871445225,-0.19990794129603096,0.07854708429176327,0.031343250565711855,-0.04101065596784803,0.1381503384808167,0.014521239758343185,0.02204715911616706,0.02382784212410982,0.017419284472064867,0.009544859542013562,0.007053572046660683,0.0007380074135703296,0.025746900460301703,0.02390849779269466,0.017988493047506715,0.007209289429658483,0.0033670065479043387
1991-09-30,94.39999999999999,106.5,60.03333333333333,76.10000000000001,0.050095846851836434,-0.03528765439623793,-0.01053750530278652,-0.009655891873518563,-0.18543016625278508,-0.3567719324456702,0.3266765156640581,0.315516871445225,-0.19990794129603096,0.07854708429176327,0.031343250565711855,-0.04101065596784803,0.00630916919326463,-0.009256468437277121,0.014521239758343185,0.02204715911616706,0.02382784212410982,0.017419284472064867,0.009544859542013562,0.007053572046660683,0.0007380074135703296,0.025746900460301703,0.02390849779269466,0.017988493047506715
1991-12-31,92.13333333333333,105.39999999999999,61.800000000000004,78.39999999999999,0.029003400949844327,0.029775662488721544,-0.024304269926049393,-0.01038234904221813,0.050095846851836434,-0.18543016625278508,-0.3567719324456702,0.3266765156640581,0.315516871445225,-0.19990794129603096,0.07854708429176327,0.031343250565711855,-0.01053750530278652,-0.009655891873518563,0.00630916919326463,-0.009256468437277121,0.014521239758343185,0.02204715911616706,0.02382784212410982,0.017419284472064867,0.009544859542013562,0.007053572046660683,0.0007380074135703296,0.025746900460301703
1992-03-31,90.96666666666665,105.96666666666665,51.93333333333334,78.0,-0.1739425196951072,-0.005115100666770012,-0.012743664179222236,0.0053619431413851615,0.029003400949844327,0.050095846851836434,-0.18543016625278508,-0.3567719324456702,0.3266765156640581,0.315516871445225,-0.19990794129603096,0.07854708429176327,-0.024304269926049393,-0.01038234904221813,-0.01053750530278652,-0.009655891873518563,0.00630916919326463,-0.009256468437277121,0.014521239758343185,0.02204715911616706,0.02382784212410982,0.017419284472064867,0.009544859542013562,0.007053572046660683
1992-06-30,88.53333333333335,104.06666666666666,59.833333333333336,74.39999999999999,0.14160207449168594,-0.04725288485054602,-0.02711401011201353,-0.0180928598354253,-0.1739425196951072,0.029003400949844327,0.050095846851836434,-0.18543016625278508,-0.3567719324456702,0.3266765156640581,0.315516871445225,-0.19990794129603096,-0.012743664179222236,0.0053619431413851615,-0.024304269926049393,-0.01038234904221813,-0.01053750530278652,-0.009655891873518563,0.00630916919326463,-0.009256468437277121,0.014521239758343185,0.02204715911616706,0.02382784212410982,0.017419284472064867
1992-09-30,87.89999999999999,102.26666666666667,61.833333333333336,81.83333333333333,0.03287967411915638,0.09522871672742017,-0.007179324243038465,-0.017447938588230016,0.14160207449168594,-0.1739425196951072,0.029003400949844327,0.050095846851836434,-0.18543016625278508,-0.3567719324456702,0.3266765156640581,0.315516871445225,-0.02711401011201353,-0.0180928598354253,-0.012743664179222236,0.0053619431413851615,-0.024304269926049393,-0.01038234904221813,-0.01053750530278652,-0.009655891873518563,0.00630916919326463,-0.009256468437277121,0.014521239758343185,0.02204715911616706
1992-12-31,91.06666666666666,102.60000000000001,58.56666666666666,88.3,-0.054276886854438544,0.07605544904344885,0.03539203433739413,0.0032541519116771056,0.03287967411915638,0.14160207449168594,-0.1739425196951072,0.029003400949844327,0.050095846851836434,-0.18543016625278508,-0.3567719324456702,0.3266765156640581,-0.007179324243038465,-0.017447938588230016,-0.02711401011201353,-0.0180928598354253,-0.012743664179222236,0.0053619431413851615,-0.024304269926049393,-0.01038234904221813,-0.01053750530278652,-0.009655891873518563,0.00630916919326463,-0.009256468437277121
1993-03-31,97.16666666666667,102.66666666666667,55.4,82.23333333333333,-0.05558611277170389,-0.07117937274271302,0.06483587809391267,0.000649561568796031,-0.054276886854438544,0.03287967411915638,0.14160207449168594,-0.1739425196951072,0.029003400949844327,0.050095846851836434,-0.18543016625278508,-0.3567719324456702,0.03539203433739413,0.0032541519116771056,-0.007179324243038465,-0.017447938588230016,-0.02711401011201353,-0.0180928598354253,-0.012743664179222236,0.0053619431413851615,-0.024304269926049393,-0.01038234904221813,-0.01053750530278652,-0.009655891873518563
1993-06-30,99.13333333333333,104.10000000000001,56.166666666666664,86.89999999999999,0.01374386737106903,0.055197297404144585,0.020038028235506822,0.013864481315458477,-0.05558611277170389,-0.054276886854438544,0.03287967411915638,0.14160207449168594,-0.1739425196951072,0.029003400949844327,0.050095846851836434,-0.18543016625278508,0.06483587809391267,0.000649561568796031,0.03539203433739413,0.0032541519116771056,-0.007179324243038465,-0.017447938588230016,-0.02711401011201353,-0.0180928598354253,-0.012743664179222236,0.0053619431413851615,-0.024304269926049393,-0.01038234904221813
1993-09-30,102.63333333333333,104.36666666666667,48.333333333333336,83.23333333333333,-0.15020200737184242,-0.04311012365372857,0.03469702090440041,0.0025583640433266552,0.01374386737106903,-0.05558611277170389,-0.054276886854438544,0.03287967411915638,0.14160207449168594,-0.1739425196951072,0.029003400949844327,0.050095846851836434,0.020038028235506822,0.013864481315458477,0.06483587809391267,0.000649561568796031,0.03539203433739413,0.0032541519116771056,-0.007179324243038465,-0.017447938588230016,-0.02711401011201353,-0.0180928598354253,-0.012743664179222236,0.0053619431413851615
1993-12-31,103.73333333333333,105.0,45.56666666666666,86.63333333333333,-0.05894499869067049,0.04003674436171689,0.010660737373782148,0.006050010493273028,-0.15020200737184242,0.01374386737106903,-0.05558611277170389,-0.054276886854438544,0.03287967411915638,0.14160207449168594,-0.1739425196951072,0.029003400949844327,0.03469702090440041,0.0025583640433266552,0.020038028235506822,0.013864481315458477,0.06483587809391267,0.000649561568796031,0.03539203433739413,0.0032541519116771056,-0.007179324243038465,-0.017447938588230016,-0.02711401011201353,-0.0180928598354253
1994-03-31,104.46666666666665,105.33333333333333,38.9,88.56666666666666,-0.15818220443739373,0.022070911118323266,0.007044537617683311,0.0031695747612792147,-0.05894499869067049,-0.15020200737184242,0.01374386737106903,-0.05558611277170389,-0.054276886854438544,0.03287967411915638,0.14160207449168594,-0.1739425196951072,0.010660737373782148,0.006050010493273028,0.03469702090440041,0.0025583640433266552,0.020038028235506822,0.013864481315458477,0.06483587809391267,0.000649561568796031,0.03539203433739413,0.0032541519116771056,-0.007179324243038465,-0.017447938588230016
1994-06-30,102.36666666666667,105.03333333333335,48.166666666666664,81.56666666666666,0.2136729682599765,-0.08233488231714148,-0.020306902475143218,-0.002852164823682557,-0.15818220443739373,-0.05894499869067049,-0.15020200737184242,0.01374386737106903,-0.05558611277170389,-0.054276886854438544,0.03287967411915638,0.14160207449168594,0.007044537617683311,0.0031695747612792147,0.010660737373782148,0.006050010493273028,0.03469702090440041,0.0025583640433266552,0.020038028235506822,0.013864481315458477,0.06483587809391267,0.000649561568796031,0.03539203433739413,0.0032541519116771056
1994-09-30,102.26666666666667,106.46666666666665,52.96666666666667,75.0,0.09499556599018355,-0.08393256824420625,-0.000977357953675373,0.013554187017682295,0.2136729682599765,-0.15818220443739373,-0.05894499869067049,-0.15020200737184242,0.01374386737106903,-0.05558611277170389,-0.054276886854438544,0.03287967411915638,-0.020306902475143218,-0.002852164823682557,0.007044537617683311,0.0031695747612792147,0.010660737373782148,0.006050010493273028,0.03469702090440041,0.0025583640433266552,0.020038028235506822,0.013864481315458477,0.06483587809391267,0.000649561568796031
1994-12-31,103.89999999999999,106.39999999999999,48.5,70.23333333333333,-0.08809898693112306,-0.06566508139427629,0.01584511728018967,-0.00062637020525802,0.09499556599018355,0.2136729682599765,-0.15818220443739373,-0.05894499869067049,-0.15020200737184242,0.01374386737106903,-0.05558611277170389,-0.054276886854438544,-0.000977357953675373,0.013554187017682295,-0.020306902475143218,-0.002852164823682557,0.007044537617683311,0.0031695747612792147,0.010660737373782148,0.006050010493273028,0.03469702090440041,0.0025583640433266552,0.020038028235506822,0.013864481315458477
1995-03-31,103.53333333333335,105.83333333333333,50.0,68.36666666666666,0.03045920748470854,-0.02693765573180862,-0.0035352760587041843,-0.005340047242907708,-0.08809898693112306,0.09499556599018355,0.2136729682599765,-0.15818220443739373,-0.05894499869067049,-0.15020200737184242,0.01374386737106903,-0.05558611277170389,0.01584511728018967,-0.00062637020525802,-0.000977357953675373,0.013554187017682295,-0.020306902475143218,-0.002852164823682557,0.007044537617683311,0.0031695747612792147,0.010660737373782148,0.006050010493273028,0.03469702090440041,0.0025583640433266552
1995-06-30,102.63333333333333,105.73333333333333,54.86666666666667,67.5,0.09288299414671419,-0.012757778531740982,-0.008730855784132352,-0.0009453285720528726,0.03045920748470854,-0.08809898693112306,0.09499556599018355,0.2136729682599765,-0.15818220443739373,-0.05894499869067049,-0.15020200737184242,0.01374386737106903,-0.0035352760587041843,-0.005340047242907708,0.01584511728018967,-0.00062637020525802,-0.000977357953675373,0.013554187017682295,-0.020306902475143218,-0.002852164823682557,0.007044537617683311,0.0031695747612792147,0.010660737373782148,0.006050010493273028
1995-09-30,104.0,114.06666666666666,49.6,62.53333333333333,-0.1009151658439782,-0.07642784997446928,0.013228132879027577,0.07586287169740036,0.09288299414671419,0.03045920748470854,-0.08809898693112306,0.09499556599018355,0.2136729682599765,-0.15818220443739373,-0.05894499869067049,-0.15020200737184242,-0.008730855784132352,-0.0009453285720528726,-0.0035352760587041843,-0.005340047242907708,0.01584511728018967,-0.00062637020525802,-0.000977357953675373,0.013554187017682295,-0.020306902475143218,-0.002852164823682557,0.007044537617683311,0.0031695747612792147
1995-12-31,106.46666666666665,118.53333333333335,49.833333333333336,67.93333333333334,0.004693270431749497,0.08282708421649954,0.02344104797142954,0.038411142181655755,-0.1009151658439782,0.09288299414671419,0.03045920748470854,-0.08809898693112306,0.09499556599018355,0.2136729682599765,-0.15818220443739373,-0.05894499869067049,0.013228132879027577,0.07586287169740036,-0.008730855784132352,-0.0009453285720528726,-0.0035352760587041843,-0.005340047242907708,0.01584511728018967,-0.00062637020525802,-0.000977357953675373,0.013554187017682295,-0.020306902475143218,-0.002852164823682557
1996-03-31,107.93333333333334,107.43333333333334,55.5,88.60000000000001,0.10769891658975705,0.2656050254905207,0.013681805462622876,-0.09832371481835711,0.004693270431749497,-0.1009151658439782,0.09288299414671419,0.03045920748470854,-0.08809898693112306,0.09499556599018355,0.2136729682599765,-0.15818220443739373,0.02344104797142954,0.038411142181655755,0.013228132879027577,0.07586287169740036,-0.008730855784132352,-0.0009453285720528726,-0.0035352760587041843,-0.005340047242907708,0.01584511728018967,-0.00062637020525802,-0.000977357953675373,0.013554187017682295
1996-06-30,112.60000000000001,104.36666666666667,61.56666666666666,86.56666666666666,0.10373757778469628,-0.023217027610441754,0.04232796313016518,-0.028960160489032383,0.10769891658975705,0.004693270431749497,-0.1009151658439782,0.09288299414671419,0.03045920748470854,-0.08809898693112306,0.09499556599018355,0.2136729682599765,0.013681805462622876,-0.09832371481835711,0.02344104797142954,0.038411142181655755,0.013228132879027577,0.07586287169740036,-0.008730855784132352,-0.0009453285720528726,-0.0035352760587041843,-0.005340047242907708,0.01584511728018967,-0.00062637020525802
1996-09-30,116.89999999999999,110.3,63.03333333333333,84.03333333333333,0.023543088459216932,-0.029701284474828782,0.03747715277243291,0.05529358659520689,0.10373757778469628,0.10769891658975705,0.004693270431749497,-0.1009151658439782,0.09288299414671419,0.03045920748470854,-0.08809898693112306,0.09499556599018355,0.04232796313016518,-0.028960160489032383,0.013681805462622876,-0.09832371481835711,0.02344104797142954,0.038411142181655755,0.013228132879027577,0.07586287169740036,-0.008730855784132352,-0.0009453285720528726,-0.0035352760587041843,-0.005340047242907708
1996-12-31,122.86666666666667,110.66666666666667,70.46666666666667,105.5,0.11147609777172551,0.22749740739035662,0.04978088808959047,0.0033187539889221185,0.023543088459216932,0.10373757778469628,0.10769891658975705,0.004693270431749497,-0.1009151658439782,0.09288299414671419,0.03045920748470854,-0.08809898693112306,0.03747715277243291,0.05529358659520689,0.04232796313016518,-0.028960160489032383,0.013681805462622876,-0.09832371481835711,0.02344104797142954,0.038411142181655755,0.013228132879027577,0.07586287169740036,-0.008730855784132352,-0.0009453285720528726
1997-03-31,130.0,112.03333333333335,64.73333333333333,119.3,-0.08486351757891253,0.12293037618774871,0.056434693887968734,0.012273765814571291,0.11147609777172551,0.023543088459216932,0.10373757778469628,0.10769891658975705,0.004693270431749497,-0.1009151658439782,0.09288299414671419,0.03045920748470854,0.04978088808959047,0.0033187539889221185,0.03747715277243291,0.05529358659520689,0.04232796313016518,-0.028960160489032383,0.013681805462622876,-0.09832371481835711,0.02344104797142954,0.038411142181655755,0.013228132879027577,0.07586287169740036
1997-06-30,142.0666666666667,112.26666666666667,56.03333333333333,82.63333333333334,-0.1443295154426547,-0.36722817873083446,0.08876198054082529,0.0020805476371119624,-0.08486351757891253,0.11147609777172551,0.023543088459216932,0.10373757778469628,0.10769891658975705,0.004693270431749497,-0.1009151658439782,0.09288299414671419,0.056434693887968734,0.012273765814571291,0.04978088808959047,0.0033187539889221185,0.03747715277243291,0.05529358659520689,0.04232796313016518,-0.028960160489032383,0.013681805462622876,-0.09832371481835711,0.02344104797142954,0.038411142181655755
1997-09-30,148.63333333333333,112.86666666666667,54.36666666666667,89.93333333333334,-0.0301955307876014,0.0846555047325106,0.04518599196891415,0.005330187330862657,-0.1443295154426547,-0.08486351757891253,0.11147609777172551,0.023543088459216932,0.10373757778469628,0.10769891658975705,0.004693270431749497,-0.1009151658439782,0.08876198054082529,0.0020805476371119624,0.056434693887968734,0.012273765814571291,0.04978088808959047,0.0033187539889221185,0.03747715277243291,0.05529358659520689,0.04232796313016518,-0.028960160489032383,0.013681805462622876,-0.09832371481835711
1997-12-31,154.23333333333332,113.56666666666666,54.833333333333336,114.8,0.008547060578458776,0.2441228287799202,0.03698418427952266,0.00618285496788662,-0.0301955307876014,-0.1443295154426547,-0.08486351757891253,0.11147609777172551,0.023543088459216932,0.10373757778469628,0.10769891658975705,0.004693270431749497,0.04518599196891415,0.005330187330862657,0.08876198054082529,0.0020805476371119624,0.056434693887968734,0.012273765814571291,0.04978088808959047,0.0033187539889221185,0.03747715277243291,0.05529358659520689,0.04232796313016518,-0.028960160489032383
1998-03-31,158.4,113.93333333333334,40.800000000000004,86.40000000000002,-0.29561620012720136,-0.2842038080754561,0.02665687213548118,0.0032234460145694754,0.008547060578458776,-0.0301955307876014,-0.1443295154426547,-0.08486351757891253,0.11147609777172551,0.023543088459216932,0.10373757778469628,0.10769891658975705,0.03698418427952266,0.00618285496788662,0.04518599196891415,0.005330187330862657,0.08876198054082529,0.0020805476371119624,0.056434693887968734,0.012273765814571291,0.04978088808959047,0.0033187539889221185,0.03747715277243291,0.05529358659520689
1998-06-30,159.13333333333333,114.0,36.666666666666664,87.5,-0.10681400428580945,0.012651117553558855,0.00461894585629441,0.0005849663811146044,-0.29561620012720136,0.008547060578458776,-0.0301955307876014,-0.1443295154426547,-0.08486351757891253,0.11147609777172551,0.023543088459216932,0.10373757778469628,0.02665687213548118,0.0032234460145694754,0.03698418427952266,0.00618285496788662,0.04518599196891415,0.005330187330862657,0.08876198054082529,0.0020805476371119624,0.056434693887968734,0.012273765814571291,0.04978088808959047,0.0033187539889221185
1998-09-30,153.36666666666667,113.89999999999999,34.1,80.3,-0.07257069283483553,-0.08586917241085334,-0.0369108567433063,-0.0008775779413596752,-0.10681400428580945,-0.29561620012720136,0.008547060578458776,-0.0301955307876014,-0.1443295154426547,-0.08486351757891253,0.11147609777172551,0.023543088459216932,0.00461894585629441,0.0005849663811146044,0.02665687213548118,0.0032234460145694754,0.03698418427952266,0.00618285496788662,0.04518599196891415,0.005330187330862657,0.08876198054082529,0.0020805476371119624,0.056434693887968734,0.012273765814571291
1998-12-31,147.5,112.73333333333333,31.333333333333332,81.36666666666666,-0.08461489068757677,0.013196067778088683,-0.03900339271343878,-0.010295722656765705,-0.07257069283483553,-0.10681400428580945,-0.29561620012720136,0.008547060578458776,-0.0301955307876014,-0.1443295154426547,-0.08486351757891253,0.11147609777172551,-0.0369108567433063,-0.0008775779413596752,0.00461894585629441,0.0005849663811146044,0.02665687213548118,0.0032234460145694754,0.03698418427952266,0.00618285496788662,0.04518599196891415,0.005330187330862657,0.08876198054082529,0.0020805476371119624
1999-03-31,140.46666666666667,111.53333333333335,29.899999999999995,71.2,-0.046824013205253756,-0.13347287031287447,-0.04885796307789558,-0.010701647911756318,-0.08461489068757677,-0.07257069283483553,-0.10681400428580945,-0.29561620012720136,0.008547060578458776,-0.0301955307876014,-0.1443295154426547,-0.08486351757891253,-0.03900339271343878,-0.010295722656765705,-0.0369108567433063,-0.0008775779413596752,0.00461894585629441,0.0005849663811146044,0.02665687213548118,0.0032234460145694754,0.03698418427952266,0.00618285496788662,0.04518599196891415,0.005330187330862657
1999-06-30,132.5,111.63333333333333,46.13333333333333,84.8,0.43367727411881907,0.17480272437992728,-0.0583875672757026,0.0008961912474347855,-0.046824013205253756,-0.08461489068757677,-0.07257069283483553,-0.10681400428580945,-0.29561620012720136,0.008547060578458776,-0.0301955307876014,-0.1443295154426547,-0.04885796307789558,-0.010701647911756318,-0.03900339271343878,-0.010295722656765705,-0.0369108567433063,-0.0008775779413596752,0.00461894585629441,0.0005849663811146044,0.02665687213548118,0.0032234460145694754,0.03698418427952266,0.00618285496788662
1999-09-30,129.20000000000002,112.73333333333333,58.800000000000004,103.7,0.24260610038912134,0.2012065724376244,-0.025221054077775307,0.009805456664321532,0.43367727411881907,-0.046824013205253756,-0.08461489068757677,-0.07257069283483553,-0.10681400428580945,-0.29561620012720136,0.008547060578458776,-0.0301955307876014,-0.0583875672757026,0.0008961912474347855,-0.04885796307789558,-0.010701647911756318,-0.03900339271343878,-0.010295722656765705,-0.0369108567433063,-0.0008775779413596752,0.00461894585629441,0.0005849663811146044,0.02665687213548118,0.0032234460145694754
1999-12-31,130.13333333333333,115.66666666666667,66.2,105.2,0.11853860803838145,0.014361185068128002,0.007197974522326511,0.025687343482379,0.24260610038912134,0.43367727411881907,-0.046824013205253756,-0.08461489068757677,-0.07257069283483553,-0.10681400428580945,-0.29561620012720136,0.008547060578458776,-0.025221054077775307,0.009805456664321532,-0.0583875672757026,0.0008961912474347855,-0.04885796307789558,-0.010701647911756318,-0.03900339271343878,-0.010295722656765705,-0.0369108567433063,-0.0008775779413596752,0.00461894585629441,0.0005849663811146044
2000-03-31,129.93333333333334,118.86666666666667,80.86666666666667,102.83333333333333,0.2001212448988774,-0.022753745626276967,-0.0015380674654768,0.027289925482181232,0.11853860803838145,0.24260610038912134,0.43367727411881907,-0.046824013205253756,-0.08461489068757677,-0.07257069283483553,-0.10681400428580945,-0.29561620012720136,0.007197974522326511,0.025687343482379,-0.025221054077775307,0.009805456664321532,-0.0583875672757026,0.0008961912474347855,-0.04885796307789558,-0.010701647911756318,-0.03900339271343878,-0.010295722656765705,-0.0369108567433063,-0.0008775779413596752
2000-06-30,131.33333333333334,121.66666666666667,79.66666666666667,136.06666666666666,-0.014950444578438749,0.2800354070303017,0.010717122224472853,0.023282648153450936,0.2001212448988774,0.11853860803838145,0.24260610038912134,0.43367727411881907,-0.046824013205253756,-0.08461489068757677,-0.07257069283483553,-0.10681400428580945,-0.0015380674654768,0.027289925482181232,0.007197974522326511,0.025687343482379,-0.025221054077775307,0.009805456664321532,-0.0583875672757026,0.0008961912474347855,-0.04885796307789558,-0.010701647911756318,-0.03900339271343878,-0.010295722656765705
2000-09-30,140.16666666666666,125.16666666666667,90.0,166.4,0.121958407066864,0.2012495666794738,0.065093570115069,0.02836111762169846,-0.014950444578438749,0.2001212448988774,0.11853860803838145,0.24260610038912134,0.43367727411881907,-0.046824013205253756,-0.08461489068757677,-0.07257069283483553,0.010717122224472853,0.023282648153450936,-0.0015380674654768,0.027289925482181232,0.007197974522326511,0.025687343482379,-0.025221054077775307,0.009805456664321532,-0.0583875672757026,0.0008961912474347855,-0.04885796307789558,-0.010701647911756318
2000-12-31,151.36666666666667,127.33333333333333,90.23333333333333,216.66666666666666,0.002589237621880791,0.2639655458344645,0.0768729586909025,0.01716213740238537,0.121958407066864,-0.014950444578438749,0.2001212448988774,0.11853860803838145,0.24260610038912134,0.43367727411881907,-0.046824013205253756,-0.08461489068757677,0.065093570115069,0.02836111762169846,0.010717122224472853,0.023282648153450936,-0.0015380674654768,0.027289925482181232,0.007197974522326511,0.025687343482379,-0.025221054077775307,0.009805456664321532,-0.0583875672757026,0.0008961912474347855
2001-03-31,165.29999999999998,135.1,76.39999999999999,290.6333333333334,-0.16641621177967103,0.29370237554408707,0.08805685539118269,0.05920692502768787,0.002589237621880791,0.121958407066864,-0.014950444578438749,0.2001212448988774,0.11853860803838145,0.24260610038912134,0.43367727411881907,-0.046824013205253756,0.0768729586909025,0.01716213740238537,0.065093570115069,0.02836111762169846,0.010717122224472853,0.023282648153450936,-0.0015380674654768,0.027289925482181232,0.007197974522326511,0.025687343482379,-0.025221054077775307,0.009805456664321532
2001-06-30,180.36666666666667,142.29999999999998,76.39999999999999,192.53333333333333,0.0,-0.41179315085515267,0.08722981115360184,0.051922260129653175,-0.16641621177967103,0.002589237621880791,0.121958407066864,-0.014950444578438749,0.2001212448988774,0.11853860803838145,0.24260610038912134,0.43367727411881907,0.08805685539118269,0.05920692502768787,0.0768729586909025,0.01716213740238537,0.065093570115069,0.02836111762169846,0.010717122224472853,0.023282648153450936,-0.0015380674654768,0.027289925482181232,0.007197974522326511,0.025687343482379
2001-09-30,182.66666666666666,146.0666666666667,72.8,111.66666666666667,-0.04826674096983474,-0.54475105575355,0.012671182299325956,0.026125633397450443,0.0,-0.16641621177967103,0.002589237621880791,0.121958407066864,-0.014950444578438749,0.2001212448988774,0.11853860803838145,0.24260610038912134,0.08722981115360184,0.051922260129653175,0.08805685539118269,0.05920692502768787,0.0768729586909025,0.01716213740238537,0.065093570115069,0.02836111762169846,0.010717122224472853,0.023282648153450936,-0.0015380674654768,0.027289925482181232
2001-12-31,167.16666666666666,146.29999999999998,51.199999999999996,92.46666666666665,-0.3519764231571778,-0.18867002394433552,-0.0886716795460254,0.0015961695328217118,-0.04826674096983474,0.0,-0.16641621177967103,0.002589237621880791,0.121958407066864,-0.014950444578438749,0.2001212448988774,0.11853860803838145,0.012671182299325956,0.026125633397450443,0.08722981115360184,0.051922260129653175,0.08805685539118269,0.05920692502768787,0.0768729586909025,0.01716213740238537,0.065093570115069,0.02836111762169846,0.010717122224472853,0.023282648153450936
2002-03-31,155.53333333333333,140.46666666666667,55.699999999999996,91.36666666666667,0.08424061488777612,-0.011967504571990695,-0.07213124781466096,-0.040689095324099256,-0.3519764231571778,-0.04826674096983474,0.0,-0.16641621177967103,0.002589237621880791,0.121958407066864,-0.014950444578438749,0.2001212448988774,-0.0886716795460254,0.0015961695328217118,0.012671182299325956,0.026125633397450443,0.08722981115360184,0.051922260129653175,0.08805685539118269,0.05920692502768787,0.0768729586909025,0.01716213740238537,0.065093570115069,0.02836111762169846
2002-06-30,152.9333333333333,137.83333333333334,70.46666666666667,124.83333333333333,0.23515963783478888,0.3120987996485338,-0.016857974332113557,-0.01892498690634259,0.08424061488777612,-0.3519764231571778,-0.04826674096983474,0.0,-0.16641621177967103,0.002589237621880791,0.121958407066864,-0.014950444578438749,-0.07213124781466096,-0.040689095324099256,-0.0886716795460254,0.0015961695328217118,0.012671182299325956,0.026125633397450443,0.08722981115360184,0.051922260129653175,0.08805685539118269,0.05920692502768787,0.0768729586909025,0.01716213740238537
2002-09-30,152.76666666666665,136.13333333333333,72.86666666666666,116.13333333333333,0.03349150230630116,-0.07224055797892692,-0.0010903937401369745,-0.012410428173235566,0.23515963783478888,0.08424061488777612,-0.3519764231571778,-0.04826674096983474,0.0,-0.16641621177967103,0.002589237621880791,0.121958407066864,-0.016857974332113557,-0.01892498690634259,-0.07213124781466096,-0.040689095324099256,-0.0886716795460254,0.0015961695328217118,0.012671182299325956,0.026125633397450443,0.08722981115360184,0.051922260129653175,0.08805685539118269,0.05920692502768787
2002-12-31,152.6,134.96666666666667,72.39999999999999,157.73333333333332,-0.006424987682657424,0.306166887125884,-0.0010915839966125773,-0.008606963252395516,0.03349150230630116,0.23515963783478888,0.08424061488777612,-0.3519764231571778,-0.04826674096983474,0.0,-0.16641621177967103,0.002589237621880791,-0.0010903937401369745,-0.012410428173235566,-0.016857974332113557,-0.01892498690634259,-0.07213124781466096,-0.040689095324099256,-0.0886716795460254,0.0015961695328217118,0.012671182299325956,0.026125633397450443,0.08722981115360184,0.051922260129653175
2003-03-31,152.0666666666667,135.13333333333333,92.13333333333333,246.70000000000002,0.24103050383373414,0.447267180099189,-0.00350109766817841,0.0012341109797846528,-0.006424987682657424,0.03349150230630116,0.23515963783478888,0.08424061488777612,-0.3519764231571778,-0.04826674096983474,0.0,-0.16641621177967103,-0.0010915839966125773,-0.008606963252395516,-0.0010903937401369745,-0.012410428173235566,-0.016857974332113557,-0.01892498690634259,-0.07213124781466096,-0.040689095324099256,-0.0886716795460254,0.0015961695328217118,0.012671182299325956,0.026125633397450443
2003-06-30,153.4333333333333,133.23333333333332,77.46666666666665,216.83333333333334,-0.1733890669157585,-0.12904401425086043,0.008947140972908052,-0.014159968300622161,0.24103050383373414,-0.006424987682657424,0.03349150230630116,0.23515963783478888,0.08424061488777612,-0.3519764231571778,-0.04826674096983474,0.0,-0.00350109766817841,0.0012341109797846528,-0.0010915839966125773,-0.008606963252395516,-0.0010903937401369745,-0.012410428173235566,-0.016857974332113557,-0.01892498690634259,-0.07213124781466096,-0.040689095324099256,-0.0886716795460254,0.0015961695328217118
2003-09-30,154.63333333333335,136.1,80.39999999999999,205.73333333333335,0.037166439875274015,-0.05254817746355389,0.007790560934502366,0.021287932608252014,-0.1733890669157585,0.24103050383373414,-0.006424987682657424,0.03349150230630116,0.23515963783478888,0.08424061488777612,-0.3519764231571778,-0.04826674096983474,0.008947140972908052,-0.014159968300622161,-0.00350109766817841,0.0012341109797846528,-0.0010915839966125773,-0.008606963252395516,-0.0010903937401369745,-0.012410428173235566,-0.016857974332113557,-0.01892498690634259,-0.07213124781466096,-0.040689095324099256
2003-12-31,153.83333333333334,137.96666666666667,81.8,188.63333333333333,0.01726306742378103,-0.08677573634052838,-0.005186957814791171,0.013622200429156628,0.037166439875274015,-0.1733890669157585,0.24103050383373414,-0.006424987682657424,0.03349150230630116,0.23515963783478888,0.08424061488777612,-0.3519764231571778,0.007790560934502366,0.021287932608252014,0.008947140972908052,-0.014159968300622161,-0.00350109766817841,0.0012341109797846528,-0.0010915839966125773,-0.008606963252395516,-0.0010903937401369745,-0.012410428173235566,-0.016857974332113557,-0.01892498690634259
2004-03-31,155.4,139.46666666666667,92.46666666666665,227.20000000000002,0.12257097560391994,0.18602559136662844,0.01013267265874962,0.010813513996026813,0.01726306742378103,0.037166439875274015,-0.1733890669157585,0.24103050383373414,-0.006424987682657424,0.03349150230630116,0.23515963783478888,0.08424061488777612,-0.005186957814791171,0.013622200429156628,0.007790560934502366,0.021287932608252014,0.008947140972908052,-0.014159968300622161,-0.00350109766817841,0.0012341109797846528,-0.0010915839966125773,-0.008606963252395516,-0.0010903937401369745,-0.012410428173235566
2004-06-30,158.1,139.4333333333333,101.36666666666667,243.6,0.09189608680258754,0.06969684898874551,0.017225306281879682,-0.000239034302560448,0.12257097560391994,0.01726306742378103,0.037166439875274015,-0.1733890669157585,0.24103050383373414,-0.006424987682657424,0.03349150230630116,0.23515963783478888,0.01013267265874962,0.010813513996026813,-0.005186957814791171,0.013622200429156628,0.007790560934502366,0.021287932608252014,0.008947140972908052,-0.014159968300622161,-0.00350109766817841,0.0012341109797846528,-0.0010915839966125773,-0.008606963252395516
2004-09-30,167.96666666666667,142.29999999999998,114.36666666666667,240.03333333333333,0.12066535518108523,-0.014749733249030506,0.06053780280301613,0.020350915315763274,0.09189608680258754,0.12257097560391994,0.01726306742378103,0.037166439875274015,-0.1733890669157585,0.24103050383373414,-0.006424987682657424,0.03349150230630116,0.017225306281879682,-0.000239034302560448,0.01013267265874962,0.010813513996026813,-0.005186957814791171,0.013622200429156628,0.007790560934502366,0.021287932608252014,0.008947140972908052,-0.014159968300622161,-0.00350109766817841,0.0012341109797846528
2004-12-31,190.4333333333333,146.0,124.53333333333335,272.76666666666665,0.0851637564902834,0.1278389262785149,0.1255366300438645,0.02566911661253002,0.12066535518108523,0.09189608680258754,0.12257097560391994,0.01726306742378103,0.037166439875274015,-0.1733890669157585,0.24103050383373414,-0.006424987682657424,0.06053780280301613,0.020350915315763274,0.017225306281879682,-0.000239034302560448,0.01013267265874962,0.010813513996026813,-0.005186957814791171,0.013622200429156628,0.007790560934502366,0.021287932608252014,0.008947140972908052,-0.014159968300622161
2005-03-31,213.73333333333335,154.13333333333333,129.5,254.33333333333334,0.03910746345301508,-0.06997098624887865,0.11542695500498112,0.054211406981721666,0.0851637564902834,0.12066535518108523,0.09189608680258754,0.12257097560391994,0.01726306742378103,0.037166439875274015,-0.1733890669157585,0.24103050383373414,0.1255366300438645,0.02566911661253002,0.06053780280301613,0.020350915315763274,0.017225306281879682,-0.000239034302560448,0.01013267265874962,0.010813513996026813,-0.005186957814791171,0.013622200429156628,0.007790560934502366,0.021287932608252014
2005-06-30,233.03333333333333,156.73333333333335,140.1,278.96666666666664,0.07867557220336874,0.0924465577543705,0.08645237278254125,0.016727818747801493,0.03910746345301508,0.0851637564902834,0.12066535518108523,0.09189608680258754,0.12257097560391994,0.01726306742378103,0.037166439875274015,-0.1733890669157585,0.11542695500498112,0.054211406981721666,0.1255366300438645,0.02566911661253002,0.06053780280301613,0.020350915315763274,0.017225306281879682,-0.000239034302560448,0.01013267265874962,0.010813513996026813,-0.005186957814791171,0.013622200429156628
2005-09-30,266.3333333333333,163.16666666666666,168.36666666666667,343.09999999999997,0.18378768746293606,0.20692964949368609,0.13356715224833504,0.0402263258645954,0.07867557220336874,0.03910746345301508,0.0851637564902834,0.12066535518108523,0.09189608680258754,0.12257097560391994,0.01726306742378103,0.037166439875274015,0.08645237278254125,0.016727818747801493,0.11542695500498112,0.054211406981721666,0.1255366300438645,0.02566911661253002,0.06053780280301613,0.020350915315763274,0.017225306281879682,-0.000239034302560448,0.01013267265874962,0.010813513996026813
2005-12-31,321.96666666666664,171.03333333333333,162.26666666666668,465.0333333333333,-0.03690306836063506,0.30408713774154794,0.18969936341897586,0.04708629597735481,0.18378768746293606,0.07867557220336874,0.03910746345301508,0.0851637564902834,0.12066535518108523,0.09189608680258754,0.12257097560391994,0.01726306742378103,0.13356715224833504,0.0402263258645954,0.08645237278254125,0.016727818747801493,0.11542695500498112,0.054211406981721666,0.1255366300438645,0.02566911661253002,0.06053780280301613,0.020350915315763274,0.017225306281879682,-0.000239034302560448
2006-03-31,355.8333333333333,179.76666666666665,166.46666666666667,334.8666666666667,0.02555401673230051,-0.3283766449581176,0.10001443591752945,0.04980124439526179,-0.03690306836063506,0.18378768746293606,0.07867557220336874,0.03910746345301508,0.0851637564902834,0.12066535518108523,0.09189608680258754,0.12257097560391994,0.18969936341897586,0.04708629597735481,0.13356715224833504,0.0402263258645954,0.08645237278254125,0.016727818747801493,0.11542695500498112,0.054211406981721666,0.1255366300438645,0.02566911661253002,0.06053780280301613,0.020350915315763274
2006-06-30,393.23333333333335,185.4333333333333,188.73333333333335,264.7,0.12553999483212674,-0.235135333414779,0.09994070274501698,0.03103571473806621,0.02555401673230051,-0.03690306836063506,0.18378768746293606,0.07867557220336874,0.03910746345301508,0.0851637564902834,0.12066535518108523,0.09189608680258754,0.10001443591752945,0.04980124439526179,0.18969936341897586,0.04708629597735481,0.13356715224833504,0.0402263258645954,0.08645237278254125,0.016727818747801493,0.11542695500498112,0.054211406981721666,0.1255366300438645,0.02566911661253002
2006-09-30,380.6333333333334,191.33333333333334,190.96666666666667,263.0333333333333,0.011763808736732884,-0.006316342374176109,-0.03256662714019409,0.03132167923831908,0.12553999483212674,0.02555401673230051,-0.03690306836063506,0.18378768746293606,0.07867557220336874,0.03910746345301508,0.0851637564902834,0.12066535518108523,0.09994070274501698,0.03103571473806621,0.10001443591752945,0.04980124439526179,0.18969936341897586,0.04708629597735481,0.13356715224833504,0.0402263258645954,0.08645237278254125,0.016727818747801493,0.11542695500498112,0.054211406981721666
2006-12-31,381.1666666666667,193.70000000000002,157.63333333333333,258.8333333333333,-0.1918272317647025,-0.016096412938247262,0.0014001927552333981,0.012293462761493679,0.011763808736732884,0.12553999483212674,0.02555401673230051,-0.03690306836063506,0.18378768746293606,0.07867557220336874,0.03910746345301508,0.0851637564902834,-0.03256662714019409,0.03132167923831908,0.09994070274501698,0.03103571473806621,0.10001443591752945,0.04980124439526179,0.18969936341897586,0.04708629597735481,0.13356715224833504,0.0402263258645954,0.08645237278254125,0.016727818747801493
2007-03-31,379.1333333333334,194.26666666666665,153.46666666666667,278.43333333333334,-0.026788272802102497,0.07299429917311873,-0.00534877859013605,0.0029212152399891167,-0.1918272317647025,0.011763808736732884,0.12553999483212674,0.02555401673230051,-0.03690306836063506,0.18378768746293606,0.07867557220336874,0.03910746345301508,0.0014001927552333981,0.012293462761493679,-0.03256662714019409,0.03132167923831908,0.09994070274501698,0.03103571473806621,0.10001443591752945,0.04980124439526179,0.18969936341897586,0.04708629597735481,0.13356715224833504,0.0402263258645954
2007-06-30,364.26666666666665,194.9333333333333,171.70000000000002,298.3333333333333,0.11226537972381223,0.06903277651299433,-0.04000174605617435,0.003425834114519688,-0.026788272802102497,-0.1918272317647025,0.011763808736732884,0.12553999483212674,0.02555401673230051,-0.03690306836063506,0.18378768746293606,0.07867557220336874,-0.00534877859013605,0.0029212152399891167,0.0014001927552333981,0.012293462761493679,-0.03256662714019409,0.03132167923831908,0.09994070274501698,0.03103571473806621,0.10001443591752945,0.04980124439526179,0.18969936341897586,0.04708629597735481
2007-09-30,352.8666666666666,194.26666666666665,204.26666666666665,244.03333333333333,0.1736775618548414,-0.20090660162225848,-0.0317959293926382,-0.003425834114519688,0.11226537972381223,-0.026788272802102497,-0.1918272317647025,0.011763808736732884,0.12553999483212674,0.02555401673230051,-0.03690306836063506,0.18378768746293606,-0.04000174605617435,0.003425834114519688,-0.00534877859013605,0.0029212152399891167,0.0014001927552333981,0.012293462761493679,-0.03256662714019409,0.03132167923831908,0.09994070274501698,0.03103571473806621,0.10001443591752945,0.04980124439526179
2007-12-31,346.1333333333334,193.9,240.9,274.3333333333333,0.16495557986255438,0.11703908402447283,-0.019266213474061544,-0.0018892234043335066,0.1736775618548414,0.11226537972381223,-0.026788272802102497,-0.1918272317647025,0.011763808736732884,0.12553999483212674,0.02555401673230051,-0.03690306836063506,-0.0317959293926382,-0.003425834114519688,-0.04000174605617435,0.003425834114519688,-0.00534877859013605,0.0029212152399891167,0.0014001927552333981,0.012293462761493679,-0.03256662714019409,0.03132167923831908,0.09994070274501698,0.03103571473806621
2008-03-31,348.8,194.9333333333333,269.40000000000003,329.5,0.11181535435543832,0.183232441933602,0.007674634753108478,0.0053150575188531946,0.16495557986255438,0.1736775618548414,0.11226537972381223,-0.026788272802102497,-0.1918272317647025,0.011763808736732884,0.12553999483212674,0.02555401673230051,-0.019266213474061544,-0.0018892234043335066,-0.0317959293926382,-0.003425834114519688,-0.04000174605617435,0.003425834114519688,-0.00534877859013605,0.0029212152399891167,0.0014001927552333981,0.012293462761493679,-0.03256662714019409,0.03132167923831908
2008-06-30,359.73333333333335,195.9333333333333,343.8,423.5,0.24386282897248446,0.25097716014954763,0.030864324190612358,0.005116845549247628,0.11181535435543832,0.16495557986255438,0.1736775618548414,0.11226537972381223,-0.026788272802102497,-0.1918272317647025,0.011763808736732884,0.12553999483212674,0.007674634753108478,0.0053150575188531946,-0.019266213474061544,-0.0018892234043335066,-0.0317959293926382,-0.003425834114519688,-0.04000174605617435,0.003425834114519688,-0.00534877859013605,0.0029212152399891167,0.0014001927552333981,0.012293462761493679
2008-09-30,377.40000000000003,197.46666666666667,332.4666666666667,384.1666666666667,-0.03352048850483591,-0.0974770278894157,0.047942616709012675,0.007795328408827018,0.24386282897248446,0.11181535435543832,0.16495557986255438,0.1736775618548414,0.11226537972381223,-0.026788272802102497,-0.1918272317647025,0.011763808736732884,0.030864324190612358,0.005116845549247628,0.007674634753108478,0.0053150575188531946,-0.019266213474061544,-0.0018892234043335066,-0.0317959293926382,-0.003425834114519688,-0.04000174605617435,0.003425834114519688,-0.00534877859013605,0.0029212152399891167
2008-12-31,381.7,199.13333333333333,157.0,238.73333333333335,-0.7502937990956049,-0.47572931730647117,0.011329326816734486,0.008404823388366012,-0.03352048850483591,0.24386282897248446,0.11181535435543832,0.16495557986255438,0.1736775618548414,0.11226537972381223,-0.026788272802102497,-0.1918272317647025,0.047942616709012675,0.007795328408827018,0.030864324190612358,0.005116845549247628,0.007674634753108478,0.0053150575188531946,-0.019266213474061544,-0.0018892234043335066,-0.0317959293926382,-0.003425834114519688,-0.04000174605617435,0.003425834114519688
2009-03-31,361.6666666666667,192.83333333333334,104.46666666666665,184.03333333333333,-0.40737776409449733,-0.2602302682743334,-0.05391198244473383,-0.032148359148278516,-0.7502937990956049,-0.03352048850483591,0.24386282897248446,0.11181535435543832,0.16495557986255438,0.1736775618548414,0.11226537972381223,-0.026788272802102497,0.011329326816734486,0.008404823388366012,0.047942616709012675,0.007795328408827018,0.030864324190612358,0.005116845549247628,0.007674634753108478,0.0053150575188531946,-0.019266213474061544,-0.0018892234043335066,-0.0317959293926382,-0.003425834114519688
2009-06-30,323.1333333333333,181.16666666666666,159.73333333333332,138.16666666666666,0.42463771687931917,-0.2866562147146494,-0.11265794256328476,-0.062408840072467164,-0.40737776409449733,-0.7502937990956049,-0.03352048850483591,0.24386282897248446,0.11181535435543832,0.16495557986255438,0.1736775618548414,0.11226537972381223,-0.05391198244473383,-0.032148359148278516,0.011329326816734486,0.008404823388366012,0.047942616709012675,0.007795328408827018,0.030864324190612358,0.005116845549247628,0.007674634753108478,0.0053150575188531946,-0.019266213474061544,-0.0018892234043335066
2009-09-30,316.1666666666667,176.63333333333333,179.16666666666666,140.86666666666667,0.1148107132005789,0.01935313060660704,-0.021795534036206377,-0.025341397062547344,0.42463771687931917,-0.40737776409449733,-0.7502937990956049,-0.03352048850483591,0.24386282897248446,0.11181535435543832,0.16495557986255438,0.1736775618548414,-0.11265794256328476,-0.062408840072467164,-0.05391198244473383,-0.032148359148278516,0.011329326816734486,0.008404823388366012,0.047942616709012675,0.007795328408827018,0.030864324190612358,0.005116845549247628,0.007674634753108478,0.0053150575188531946
2009-12-31,311.73333333333335,175.26666666666665,203.5,176.86666666666667,0.12734953354894163,0.22758233652168247,-0.014121379217209906,-0.007767397202935733,0.1148107132005789,0.42463771687931917,-0.40737776409449733,-0.7502937990956049,-0.03352048850483591,0.24386282897248446,0.11181535435543832,0.16495557986255438,-0.021795534036206377,-0.025341397062547344,-0.11265794256328476,-0.062408840072467164,-0.05391198244473383,-0.032148359148278516,0.011329326816734486,0.008404823388366012,0.047942616709012675,0.007795328408827018,0.030864324190612358,0.005116845549247628
2010-03-31,315.6333333333333,176.0,215.23333333333335,226.63333333333333,0.05605670608166147,0.24793728682877525,0.012433080831595333,0.004175371410480189,0.12734953354894163,0.1148107132005789,0.42463771687931917,-0.40737776409449733,-0.7502937990956049,-0.03352048850483591,0.24386282897248446,0.11181535435543832,-0.014121379217209906,-0.007767397202935733,-0.021795534036206377,-0.025341397062547344,-0.11265794256328476,-0.062408840072467164,-0.05391198244473383,-0.032148359148278516,0.011329326816734486,0.008404823388366012,0.047942616709012675,0.007795328408827018
2010-06-30,318.43333333333334,178.29999999999998,214.9,174.20000000000002,-0.0015499073158471433,-0.2631293754459021,0.00883193628650858,0.012983529830942864,0.05605670608166147,0.12734953354894163,0.1148107132005789,0.42463771687931917,-0.40737776409449733,-0.7502937990956049,-0.03352048850483591,0.24386282897248446,0.012433080831595333,0.004175371410480189,-0.014121379217209906,-0.007767397202935733,-0.021795534036206377,-0.025341397062547344,-0.11265794256328476,-0.062408840072467164,-0.05391198244473383,-0.032148359148278516,0.011329326816734486,0.008404823388366012
2010-09-30,330.8,178.53333333333333,209.0,182.46666666666667,-0.027838551683653456,0.04636344352006638,0.038100824541682954,0.0013078002798136978,-0.0015499073158471433,0.05605670608166147,0.12734953354894163,0.1148107132005789,0.42463771687931917,-0.40737776409449733,-0.7502937990956049,-0.03352048850483591,0.00883193628650858,0.012983529830942864,0.012433080831595333,0.004175371410480189,-0.014121379217209906,-0.007767397202935733,-0.021795534036206377,-0.025341397062547344,-0.11265794256328476,-0.062408840072467164,-0.05391198244473383,-0.032148359148278516
2010-12-31,338.8666666666667,180.4,235.0,160.06666666666666,0.117251262179348,-0.13097711281942548,0.02409275319515647,0.010401282479615581,-0.027838551683653456,-0.0015499073158471433,0.05605670608166147,0.12734953354894163,0.1148107132005789,0.42463771687931917,-0.40737776409449733,-0.7502937990956049,0.038100824541682954,0.0013078002798136978,0.00883193628650858,0.012983529830942864,0.012433080831595333,0.004175371410480189,-0.014121379217209906,-0.007767397202935733,-0.021795534036206377,-0.025341397062547344,-0.11265794256328476,-0.062408840072467164
2011-03-31,349.73333333333335,183.96666666666667,259.03333333333336,175.86666666666667,0.09737123940292758,0.09413573705600697,0.03156424297991656,0.019577974148822008,0.117251262179348,-0.027838551683653456,-0.0015499073158471433,0.05605670608166147,0.12734953354894163,0.1148107132005789,0.42463771687931917,-0.40737776409449733,0.02409275319515647,0.010401282479615581,0.038100824541682954,0.0013078002798136978,0.00883193628650858,0.012983529830942864,0.012433080831595333,0.004175371410480189,-0.014121379217209906,-0.007767397202935733,-0.021795534036206377,-0.025341397062547344
2011-06-30,357.7,189.5,292.93333333333334,181.63333333333333,0.12298829829525904,0.03226387074589265,0.022523686940362886,0.02963444274513538,0.09737123940292758,0.117251262179348,-0.027838551683653456,-0.0015499073158471433,0.05605670608166147,0.12734953354894163,0.1148107132005789,0.42463771687931917,0.03156424297991656,0.019577974148822008,0.02409275319515647,0.010401282479615581,0.038100824541682954,0.0013078002798136978,0.00883193628650858,0.012983529830942864,0.012433080831595333,0.004175371410480189,-0.014121379217209906,-0.007767397202935733
2011-09-30,368.23333333333335,193.16666666666666,266.09999999999997,177.86666666666667,-0.09607287385870222,-0.020955796987638386,0.029022148945148096,0.0191643495892162,0.12298829829525904,0.09737123940292758,0.117251262179348,-0.027838551683653456,-0.0015499073158471433,0.05605670608166147,0.12734953354894163,0.1148107132005789,0.022523686940362886,0.02963444274513538,0.03156424297991656,0.019577974148822008,0.02409275319515647,0.010401282479615581,0.038100824541682954,0.0013078002798136978,0.00883193628650858,0.012983529830942864,0.012433080831595333,0.004175371410480189
2011-12-31,375.3333333333333,194.5666666666667,283.76666666666665,150.36666666666667,0.06428012623825818,-0.16795745018706398,0.019097724821405926,0.007221489429938721,-0.09607287385870222,0.12298829829525904,0.09737123940292758,0.117251262179348,-0.027838551683653456,-0.0015499073158471433,0.05605670608166147,0.12734953354894163,0.029022148945148096,0.0191643495892162,0.022523686940362886,0.02963444274513538,0.03156424297991656,0.019577974148822008,0.02409275319515647,0.010401282479615581,0.038100824541682954,0.0013078002798136978,0.00883193628650858,0.012983529830942864
2012-03-31,382.3666666666666,195.76666666666665,297.46666666666664,117.46666666666665,0.047149869668365874,-0.2469221503523258,0.01856548858758611,0.006148610318728487,0.06428012623825818,-0.09607287385870222,0.12298829829525904,0.09737123940292758,0.117251262179348,-0.027838551683653456,-0.0015499073158471433,0.05605670608166147,0.019097724821405926,0.007221489429938721,0.029022148945148096,0.0191643495892162,0.022523686940362886,0.02963444274513538,0.03156424297991656,0.019577974148822008,0.02409275319515647,0.010401282479615581,0.038100824541682954,0.0013078002798136978
2012-06-30,392.8333333333333,196.30000000000004,270.73333333333335,94.60000000000001,-0.09416784730617955,-0.21649712933608178,0.027005425088963975,0.0027206274220512583,0.047149869668365874,0.06428012623825818,-0.09607287385870222,0.12298829829525904,0.09737123940292758,0.117251262179348,-0.027838551683653456,-0.0015499073158471433,0.01856548858758611,0.006148610318728487,0.019097724821405926,0.007221489429938721,0.029022148945148096,0.0191643495892162,0.022523686940362886,0.02963444274513538,0.03156424297991656,0.019577974148822008,0.02409275319515647,0.010401282479615581
2012-09-30,394.6666666666667,196.79999999999998,267.06666666666666,118.96666666666665,-0.013636011460534725,0.2291858657701722,0.00465609306776571,0.002543883335737185,-0.09416784730617955,0.047149869668365874,0.06428012623825818,-0.09607287385870222,0.12298829829525904,0.09737123940292758,0.117251262179348,-0.027838551683653456,0.027005425088963975,0.0027206274220512583,0.01856548858758611,0.006148610318728487,0.019097724821405926,0.007221489429938721,0.029022148945148096,0.0191643495892162,0.022523686940362886,0.02963444274513538,0.03156424297991656,0.019577974148822008
2012-12-31,396.56666666666666,196.9,259.1333333333333,140.66666666666666,-0.03015558537354046,0.16754968353989685,0.004802638038528428,0.0005080010269269408,-0.013636011460534725,-0.09416784730617955,0.047149869668365874,0.06428012623825818,-0.09607287385870222,0.12298829829525904,0.09737123940292758,0.117251262179348,0.00465609306776571,0.002543883335737185,0.027005425088963975,0.0027206274220512583,0.01856548858758611,0.006148610318728487,0.019097724821405926,0.007221489429938721,0.029022148945148096,0.0191643495892162,0.022523686940362886,0.02963444274513538
2013-03-31,412.09999999999997,197.20000000000002,272.2,141.83333333333334,0.049194360467352816,0.008259633977417025,0.038421873530401385,0.0015224565234550624,-0.03015558537354046,-0.013636011460534725,-0.09416784730617955,0.047149869668365874,0.06428012623825818,-0.09607287385870222,0.12298829829525904,0.09737123940292758,0.004802638038528428,0.0005080010269269408,0.00465609306776571,0.002543883335737185,0.027005425088963975,0.0027206274220512583,0.01856548858758611,0.006148610318728487,0.019097724821405926,0.007221489429938721,0.029022148945148096,0.0191643495892162
2013-06-30,434.76666666666665,199.16666666666666,276.6333333333334,168.73333333333332,0.016155832718927066,0.17366690009759456,0.05354345036335584,0.009923552969021365,0.049194360467352816,-0.03015558537354046,-0.013636011460534725,-0.09416784730617955,0.047149869668365874,0.06428012623825818,-0.09607287385870222,0.12298829829525904,0.038421873530401385,0.0015224565234550624,0.004802638038528428,0.0005080010269269408,0.00465609306776571,0.002543883335737185,0.027005425088963975,0.0027206274220512583,0.01856548858758611,0.006148610318728487,0.019097724821405926,0.007221489429938721
2013-09-30,442.40000000000003,199.86666666666667,303.9666666666667,150.73333333333335,0.09422512333521738,-0.11280728826715336,0.017404961499997817,0.00350848242277646,0.016155832718927066,0.049194360467352816,-0.03015558537354046,-0.013636011460534725,-0.09416784730617955,0.047149869668365874,0.06428012623825818,-0.09607287385870222,0.05354345036335584,0.009923552969021365,0.038421873530401385,0.0015224565234550624,0.004802638038528428,0.0005080010269269408,0.00465609306776571,0.002543883335737185,0.027005425088963975,0.0027206274220512583,0.01856548858758611,0.006148610318728487
2013-12-31,445.59999999999997,200.86666666666667,272.06666666666666,154.23333333333332,-0.11087091196791388,0.022954336069084036,0.007207238404949301,0.004990860467758651,0.09422512333521738,0.016155832718927066,0.049194360467352816,-0.03015558537354046,-0.013636011460534725,-0.09416784730617955,0.047149869668365874,0.06428012623825818,0.017404961499997817,0.00350848242277646,0.05354345036335584,0.009923552969021365,0.038421873530401385,0.0015224565234550624,0.004802638038528428,0.0005080010269269408,0.00465609306776571,0.002543883335737185,0.027005425088963975,0.0027206274220512583
2014-03-31,454.09999999999997,199.5666666666667,275.96666666666664,208.70000000000002,0.014232951173054786,0.30243120683831126,0.018895749490830838,-0.0064929887648945694,-0.11087091196791388,0.09422512333521738,0.016155832718927066,0.049194360467352816,-0.03015558537354046,-0.013636011460534725,-0.09416784730617955,0.047149869668365874,0.007207238404949301,0.004990860467758651,0.017404961499997817,0.00350848242277646,0.05354345036335584,0.009923552969021365,0.038421873530401385,0.0015224565234550624,0.004802638038528428,0.0005080010269269408,0.00465609306776571,0.002543883335737185
2014-06-30,455.8,198.73333333333335,289.73333333333335,191.6,0.04868087423751444,-0.08548794854639574,0.0037366787076784647,-0.004184456687335469,0.014232951173054786,-0.11087091196791388,0.09422512333521738,0.016155832718927066,0.049194360467352816,-0.03015558537354046,-0.013636011460534725,-0.09416784730617955,0.018895749490830838,-0.0064929887648945694,0.007207238404949301,0.004990860467758651,0.017404961499997817,0.00350848242277646,0.05354345036335584,0.009923552969021365,0.038421873530401385,0.0015224565234550624,0.004802638038528428,0.0005080010269269408
2014-09-30,453.59999999999997,198.83333333333334,268.93333333333334,167.29999999999998,-0.074497442302218,-0.13562125754398124,-0.004838364398041861,0.0005030602940001572,0.04868087423751444,0.014232951173054786,-0.11087091196791388,0.09422512333521738,0.016155832718927066,0.049194360467352816,-0.03015558537354046,-0.013636011460534725,0.0037366787076784647,-0.004184456687335469,0.018895749490830838,-0.0064929887648945694,0.007207238404949301,0.004990860467758651,0.017404961499997817,0.00350848242277646,0.05354345036335584,0.009923552969021365,0.038421873530401385,0.0015224565234550624
2014-12-31,444.59999999999997,199.76666666666665,202.1,162.0,-0.2857008930023719,-0.032192272760394935,-0.020040750883445924,0.004683065926168517,-0.074497442302218,0.04868087423751444,0.014232951173054786,-0.11087091196791388,0.09422512333521738,0.016155832718927066,0.049194360467352816,-0.03015558537354046,-0.004838364398041861,0.0005030602940001572,0.0037366787076784647,-0.004184456687335469,0.018895749490830838,-0.0064929887648945694,0.007207238404949301,0.004990860467758651,0.017404961499997817,0.00350848242277646,0.05354345036335584,0.009923552969021365
2015-03-31,403.8333333333333,199.20000000000002,125.96666666666665,119.36666666666667,-0.4727453027222417,-0.3053963468961065,-0.09617274994162539,-0.002840673645532199,-0.2857008930023719,-0.074497442302218,0.04868087423751444,0.014232951173054786,-0.11087091196791388,0.09422512333521738,0.016155832718927066,0.049194360467352816,-0.020040750883445924,0.004683065926168517,-0.004838364398041861,0.0005030602940001572,0.0037366787076784647,-0.004184456687335469,0.018895749490830838,-0.0064929887648945694,0.007207238404949301,0.004990860467758651,0.017404961499997817,0.00350848242277646
2015-06-30,379.90000000000003,196.0666666666667,157.66666666666666,103.63333333333333,0.22446577813648982,-0.14134095993967843,-0.06109419139489081,-0.01585460769871272,-0.4727453027222417,-0.2857008930023719,-0.074497442302218,0.04868087423751444,0.014232951173054786,-0.11087091196791388,0.09422512333521738,0.016155832718927066,-0.09617274994162539,-0.002840673645532199,-0.020040750883445924,0.004683065926168517,-0.004838364398041861,0.0005030602940001572,0.0037366787076784647,-0.004184456687335469,0.018895749490830838,-0.0064929887648945694,0.007207238404949301,0.004990860467758651
2015-09-30,366.90000000000003,197.03333333333333,125.46666666666665,108.66666666666667,-0.22844298078070846,0.04742606430199903,-0.03481872883234338,0.004918181710428904,0.22446577813648982,-0.4727453027222417,-0.2857008930023719,-0.074497442302218,0.04868087423751444,0.014232951173054786,-0.11087091196791388,0.09422512333521738,-0.06109419139489081,-0.01585460769871272,-0.09617274994162539,-0.002840673645532199,-0.020040750883445924,0.004683065926168517,-0.004838364398041861,0.0005030602940001572,0.0037366787076784647,-0.004184456687335469,0.018895749490830838,-0.0064929887648945694
2015-12-31,346.23333333333335,194.83333333333334,108.83333333333333,89.86666666666667,-0.1422224589947394,-0.18995800232855498,-0.05797640979558061,-0.011228426918200363,-0.22844298078070846,0.22446577813648982,-0.4727453027222417,-0.2857008930023719,-0.074497442302218,0.04868087423751444,0.014232951173054786,-0.11087091196791388,-0.03481872883234338,0.004918181710428904,-0.06109419139489081,-0.01585460769871272,-0.09617274994162539,-0.002840673645532199,-0.020040750883445924,0.004683065926168517,-0.004838364398041861,0.0005030602940001572,0.0037366787076784647,-0.004184456687335469
2016-03-31,323.1666666666667,193.23333333333335,78.7,80.66666666666667,-0.3241745046250184,-0.10800165288146601,-0.06894473555105929,-0.00824605256643629,-0.1422224589947394,-0.22844298078070846,0.22446577813648982,-0.4727453027222417,-0.2857008930023719,-0.074497442302218,0.04868087423751444,0.014232951173054786,-0.05797640979558061,-0.011228426918200363,-0.03481872883234338,0.004918181710428904,-0.06109419139489081,-0.01585460769871272,-0.09617274994162539,-0.002840673645532199,-0.020040750883445924,0.004683065926168517,-0.004838364398041861,0.0005030602940001572
2016-06-30,319.3666666666667,193.4333333333333,117.36666666666667,75.83333333333333,0.39965978206953956,-0.06178748776568099,-0.011828318025878914,0.0010344828508754844,-0.3241745046250184,-0.1422224589947394,-0.22844298078070846,0.22446577813648982,-0.4727453027222417,-0.2857008930023719,-0.074497442302218,0.04868087423751444,-0.06894473555105929,-0.00824605256643629,-0.05797640979558061,-0.011228426918200363,-0.03481872883234338,0.004918181710428904,-0.06109419139489081,-0.01585460769871272,-0.09617274994162539,-0.002840673645532199,-0.020040750883445924,0.004683065926168517
2016-09-30,312.5,192.20000000000002,117.86666666666667,110.8,0.004251104602482236,0.3791888245902877,-0.021735398812261053,-0.006396425992260646,0.39965978206953956,-0.3241745046250184,-0.1422224589947394,-0.22844298078070846,0.22446577813648982,-0.4727453027222417,-0.2857008930023719,-0.074497442302218,-0.011828318025878914,0.0010344828508754844,-0.06894473555105929,-0.00824605256643629,-0.05797640979558061,-0.011228426918200363,-0.03481872883234338,0.004918181710428904,-0.06109419139489081,-0.01585460769871272,-0.09617274994162539,-0.002840673645532199
2016-12-31,302.40000000000003,192.5,130.86666666666667,117.63333333333333,0.10462495107887193,0.05984566769993105,-0.03285382487107835,0.0015596571916471902,0.004251104602482236,0.39965978206953956,-0.3241745046250184,-0.1422224589947394,-0.22844298078070846,0.22446577813648982,-0.4727453027222417,-0.2857008930023719,-0.021735398812261053,-0.006396425992260646,-0.011828318025878914,0.0010344828508754844,-0.06894473555105929,-0.00824605256643629,-0.05797640979558061,-0.011228426918200363,-0.03481872883234338,0.004918181710428904,-0.06109419139489081,-0.01585460769871272
2017-03-31,312.59999999999997,193.36666666666667,137.5666666666667,131.0,0.04992965491617607,0.1076248811880367,0.03317377368199814,0.004492060076069393,0.10462495107887193,0.004251104602482236,0.39965978206953956,-0.3241745046250184,-0.1422224589947394,-0.22844298078070846,0.22446577813648982,-0.4727453027222417,-0.03285382487107835,0.0015596571916471902,-0.021735398812261053,-0.006396425992260646,-0.011828318025878914,0.0010344828508754844,-0.06894473555105929,-0.00824605256643629,-0.05797640979558061,-0.011228426918200363,-0.03481872883234338,0.004918181710428904
2017-06-30,323.9666666666667,194.33333333333334,130.76666666666668,120.16666666666667,-0.0506940835430294,-0.08631765514425727,0.035716211853938695,0.004986683878474452,0.04992965491617607,0.10462495107887193,0.004251104602482236,0.39965978206953956,-0.3241745046250184,-0.1422224589947394,-0.22844298078070846,0.22446577813648982,0.03317377368199814,0.004492060076069393,-0.03285382487107835,0.0015596571916471902,-0.021735398812261053,-0.006396425992260646,-0.011828318025878914,0.0010344828508754844,-0.06894473555105929,-0.00824605256643629,-0.05797640979558061,-0.011228426918200363
2017-09-30,327.3333333333333,194.0666666666667,130.06666666666666,112.83333333333333,-0.005367425026496342,-0.06296786437267432,0.010338389845040652,-0.0013731550389701752,-0.0506940835430294,0.04992965491617607,0.10462495107887193,0.004251104602482236,0.39965978206953956,-0.3241745046250184,-0.1422224589947394,-0.22844298078070846,0.035716211853938695,0.004986683878474452,0.03317377368199814,0.004492060076069393,-0.03285382487107835,0.0015596571916471902,-0.021735398812261053,-0.006396425992260646,-0.011828318025878914,0.0010344828508754844,-0.06894473555105929,-0.00824605256643629
2017-12-31,330.3666666666667,194.63333333333333,154.73333333333335,110.7,0.17365606565132552,-0.01908796396962842,0.009224129058197583,0.002915703977969031,-0.005367425026496342,-0.0506940835430294,0.04992965491617607,0.10462495107887193,0.004251104602482236,0.39965978206953956,-0.3241745046250184,-0.1422224589947394,0.010338389845040652,-0.0013731550389701752,0.035716211853938695,0.004986683878474452,0.03317377368199814,0.004492060076069393,-0.03285382487107835,0.0015596571916471902,-0.021735398812261053,-0.006396425992260646,-0.011828318025878914,0.0010344828508754844
2018-03-31,328.23333333333335,195.1,175.0,110.73333333333333,0.12308276875128765,0.00030106879649327567,-0.006478411158906461,0.0023948010076839665,0.17365606565132552,-0.005367425026496342,-0.0506940835430294,0.04992965491617607,0.10462495107887193,0.004251104602482236,0.39965978206953956,-0.3241745046250184,0.009224129058197583,0.002915703977969031,0.010338389845040652,-0.0013731550389701752,0.035716211853938695,0.004986683878474452,0.03317377368199814,0.004492060076069393,-0.03285382487107835,0.0015596571916471902,-0.021735398812261053,-0.006396425992260646
2018-06-30,331.7,196.1,190.63333333333333,99.73333333333333,0.08556588832964618,-0.10462495107887193,0.01050620836736016,0.005112485573234515,0.12308276875128765,0.17365606565132552,-0.005367425026496342,-0.0506940835430294,0.04992965491617607,0.10462495107887193,0.004251104602482236,0.39965978206953956,-0.006478411158906461,0.0023948010076839665,0.009224129058197583,0.002915703977969031,0.010338389845040652,-0.0013731550389701752,0.035716211853938695,0.004986683878474452,0.03317377368199814,0.004492060076069393,-0.03285382487107835,0.0015596571916471902
2018-09-30,330.8666666666666,197.0,196.16666666666666,104.76666666666667,0.028612775779061295,0.04923569770319958,-0.002515471467776642,0.00457899553568808,0.08556588832964618,0.12308276875128765,0.17365606565132552,-0.005367425026496342,-0.0506940835430294,0.04992965491617607,0.10462495107887193,0.004251104602482236,0.01050620836736016,0.005112485573234515,-0.006478411158906461,0.0023948010076839665,0.009224129058197583,0.002915703977969031,0.010338389845040652,-0.0013731550389701752,0.035716211853938695,0.004986683878474452,0.03317377368199814,0.004492060076069393
2018-12-31,338.46666666666664,198.46666666666667,166.06666666666666,133.26666666666668,-0.1665753238722516,0.240616478262778,0.022710139359953807,0.0074174311755781375,0.028612775779061295,0.08556588832964618,0.12308276875128765,0.17365606565132552,-0.005367425026496342,-0.0506940835430294,0.04992965491617607,0.10462495107887193,-0.002515471467776642,0.00457899553568808,0.01050620836736016,0.005112485573234515,-0.006478411158906461,0.0023948010076839665,0.009224129058197583,0.002915703977969031,0.010338389845040652,-0.0013731550389701752,0.035716211853938695,0.004986683878474452
2019-03-31,340.3,198.83333333333334,150.33333333333334,108.63333333333333,-0.09953426332540172,-0.20437383622278382,0.00540196766167611,0.0018457929562947228,-0.1665753238722516,0.028612775779061295,0.08556588832964618,0.12308276875128765,0.17365606565132552,-0.005367425026496342,-0.0506940835430294,0.04992965491617607,0.022710139359953807,0.0074174311755781375,-0.002515471467776642,0.00457899553568808,0.01050620836736016,0.005112485573234515,-0.006478411158906461,0.0023948010076839665,0.009224129058197583,0.002915703977969031,0.010338389845040652,-0.0013731550389701752
2019-06-30,339.8333333333333,199.4,167.03333333333333,80.36666666666666,0.10533834246300078,-0.30137880065639067,-0.0013722801604600932,0.0028459046578763747,-0.09953426332540172,-0.1665753238722516,0.028612775779061295,0.08556588832964618,0.12308276875128765,0.17365606565132552,-0.005367425026496342,-0.0506940835430294,0.00540196766167611,0.0018457929562947228,0.022710139359953807,0.0074174311755781375,-0.002515471467776642,0.00457899553568808,0.01050620836736016,0.005112485573234515,-0.006478411158906461,0.0023948010076839665,0.009224129058197583,0.002915703977969031
2019-09-30,335.5,196.0666666666667,158.46666666666667,73.3,-0.052649127039585686,-0.09203888762641022,-0.012833344934663593,-0.016858120075952776,0.10533834246300078,-0.09953426332540172,-0.1665753238722516,0.028612775779061295,0.08556588832964618,0.12308276875128765,0.17365606565132552,-0.005367425026496342,-0.0013722801604600932,0.0028459046578763747,0.00540196766167611,0.0018457929562947228,0.022710139359953807,0.0074174311755781375,-0.002515471467776642,0.00457899553568808,0.01050620836736016,0.005112485573234515,-0.006478411158906461,0.0023948010076839665
2019-12-31,332.23333333333335,195.5666666666667,154.93333333333334,79.76666666666667,-0.022549349388391704,0.0845450973536126,-0.009784423106435902,-0.0025534101880806404,-0.052649127039585686,0.10533834246300078,-0.09953426332540172,-0.1665753238722516,0.028612775779061295,0.08556588832964618,0.12308276875128765,0.17365606565132552,-0.012833344934663593,-0.016858120075952776,-0.0013722801604600932,0.0028459046578763747,0.00540196766167611,0.0018457929562947228,0.022710139359953807,0.0074174311755781375,-0.002515471467776642,0.00457899553568808,0.01050620836736016,0.005112485573234515
2020-03-31,325.8666666666666,194.33333333333334,128.16666666666666,61.93333333333334,-0.18966341659200303,-0.2530471685345894,-0.019349233556079426,-0.006326429581321236,-0.022549349388391704,-0.052649127039585686,0.10533834246300078,-0.09953426332540172,-0.1665753238722516,0.028612775779061295,0.08556588832964618,0.12308276875128765,-0.009784423106435902,-0.0025534101880806404,-0.012833344934663593,-0.016858120075952776,-0.0013722801604600932,0.0028459046578763747,0.00540196766167611,0.0018457929562947228,0.022710139359953807,0.0074174311755781375,-0.002515471467776642,0.00457899553568808
2020-06-30,312.3,186.13333333333333,67.60000000000001,54.9,-0.6397235172286706,-0.12054518919614399,-0.04252403546018879,-0.04311163490233039,-0.18966341659200303,-0.022549349388391704,-0.052649127039585686,0.10533834246300078,-0.09953426332540172,-0.1665753238722516,0.028612775779061295,0.08556588832964618,-0.019349233556079426,-0.006326429581321236,-0.009784423106435902,-0.0025534101880806404,-0.012833344934663593,-0.016858120075952776,-0.0013722801604600932,0.0028459046578763747,0.00540196766167611,0.0018457929562947228,0.022710139359953807,0.0074174311755781375
2020-09-30,308.23333333333335,182.79999999999998,101.83333333333333,64.89999999999999,0.40972950689462184,0.1673342751945599,-0.013107192373548848,-0.01807060376000358,-0.6397235172286706,-0.18966341659200303,-0.022549349388391704,-0.052649127039585686,0.10533834246300078,-0.09953426332540172,-0.1665753238722516,0.028612775779061295,-0.04252403546018879,-0.04311163490233039,-0.019349233556079426,-0.006326429581321236,-0.009784423106435902,-0.0025534101880806404,-0.012833344934663593,-0.016858120075952776,-0.0013722801604600932,0.0028459046578763747,0.00540196766167611,0.0018457929562947228
2020-12-31,309.4,179.79999999999998,110.73333333333333,88.23333333333333,0.08378741856754424,0.30713719685490126,0.0037778662234817517,-0.016547536982529643,0.40972950689462184,-0.6397235172286706,-0.18966341659200303,-0.022549349388391704,-0.052649127039585686,0.10533834246300078,-0.09953426332540172,-0.1665753238722516,-0.013107192373548848,-0.01807060376000358,-0.04252403546018879,-0.04311163490233039,-0.019349233556079426,-0.006326429581321236,-0.009784423106435902,-0.0025534101880806404,-0.012833344934663593,-0.016858120075952776,-0.0013722801604600932,0.0028459046578763747
2021-03-31,308.46666666666664,181.70000000000002,154.26666666666668,125.53333333333335,0.33155779814032726,0.3525865069899963,-0.003021150334175715,0.010511853364605805,0.08378741856754424,0.40972950689462184,-0.6397235172286706,-0.18966341659200303,-0.022549349388391704,-0.052649127039585686,0.10533834246300078,-0.09953426332540172,0.0037778662234817517,-0.016547536982529643,-0.013107192373548848,-0.01807060376000358,-0.04252403546018879,-0.04311163490233039,-0.019349233556079426,-0.006326429581321236,-0.009784423106435902,-0.0025534101880806404,-0.012833344934663593,-0.016858120075952776
2021-06-30,314.8333333333333,186.1,178.86666666666667,108.16666666666667,0.14795794267200257,-0.14889808007890704,0.020429610468664983,0.023927188246079645,0.33155779814032726,0.08378741856754424,0.40972950689462184,-0.6397235172286706,-0.18966341659200303,-0.022549349388391704,-0.052649127039585686,0.10533834246300078,-0.003021150334175715,0.010511853364605805,0.0037778662234817517,-0.016547536982529643,-0.013107192373548848,-0.01807060376000358,-0.04252403546018879,-0.04311163490233039,-0.019349233556079426,-0.006326429581321236,-0.009784423106435902,-0.0025534101880806404
2021-09-30,323.4413333333334,188.77266666666665,193.37666666666667,154.89200000000002,0.07799927836482201,0.3590548523897059,0.026974349401953646,0.014259305571127534,0.14795794267200257,0.33155779814032726,0.08378741856754424,0.40972950689462184,-0.6397235172286706,-0.18966341659200303,-0.022549349388391704,-0.052649127039585686,0.020429610468664983,0.023927188246079645,-0.003021150334175715,0.010511853364605805,0.0037778662234817517,-0.016547536982529643,-0.013107192373548848,-0.01807060376000358,-0.04252403546018879,-0.04311163490233039,-0.019349233556079426,-0.006326429581321236
2021-12-31,332.106,192.97400000000002,213.69833333333335,211.24,0.09992543551114785,0.3102668279729919,0.026436447391423812,0.02201199558476219,0.07799927836482201,0.14795794267200257,0.33155779814032726,0.08378741856754424,0.40972950689462184,-0.6397235172286706,-0.18966341659200303,-0.022549349388391704,0.026974349401953646,0.014259305571127534,0.020429610468664983,0.023927188246079645,-0.003021150334175715,0.010511853364605805,0.0037778662234817517,-0.016547536982529643,-0.013107192373548848,-0.01807060376000358,-0.04252403546018879,-0.04311163490233039
2022-03-31,361.412,199.119,254.49866666666665,195.18533333333335,0.17473023374668983,-0.07904539329465887,0.08456438674591471,0.031347171145402974,0.09992543551114785,0.07799927836482201,0.14795794267200257,0.33155779814032726,0.08378741856754424,0.40972950689462184,-0.6397235172286706,-0.18966341659200303,0.026436447391423812,0.02201199558476219,0.026974349401953646,0.014259305571127534,0.020429610468664983,0.023927188246079645,-0.003021150334175715,0.010511853364605805,0.0037778662234817517,-0.016547536982529643,-0.013107192373548848,-0.01807060376000358
2022-06-30,370.0406666666666,205.68933333333334,299.646,273.282,0.16330618096196492,0.33655469453052156,0.023594327695781736,0.0324643039119481,0.17473023374668983,0.09992543551114785,0.07799927836482201,0.14795794267200257,0.33155779814032726,0.08378741856754424,0.40972950689462184,-0.6397235172286706,0.08456438674591471,0.031347171145402974,0.026436447391423812,0.02201199558476219,0.026974349401953646,0.014259305571127534,0.020429610468664983,0.023927188246079645,-0.003021150334175715,0.010511853364605805,0.0037778662234817517,-0.016547536982529643
2022-09-30,379.9956666666667,208.72733333333335,258.707,307.36133333333333,-0.14690563071336005,0.11751980795463535,0.026546939638110167,0.014661835139644808,0.16330618096196492,0.17473023374668983,0.09992543551114785,0.07799927836482201,0.14795794267200257,0.33155779814032726,0.08378741856754424,0.40972950689462184,0.023594327695781736,0.0324643039119481,0.08456438674591471,0.031347171145402974,0.026436447391423812,0.02201199558476219,0.026974349401953646,0.014259305571127534,0.020429610468664983,0.023927188246079645,-0.003021150334175715,0.010511853364605805
2022-12-31,400.4693333333333,211.7446666666667,233.03666666666666,205.26633333333334,-0.10450033834187344,-0.40371571411212415,0.05247734347709443,0.014352371279599652,-0.14690563071336005,0.16330618096196492,0.17473023374668983,0.09992543551114785,0.07799927836482201,0.14795794267200257,0.33155779814032726,0.08378741856754424,0.026546939638110167,0.014661835139644808,0.023594327695781736,0.0324643039119481,0.08456438674591471,0.031347171145402974,0.026436447391423812,0.02201199558476219,0.026974349401953646,0.014259305571127534,0.020429610468664983,0.023927188246079645
2023-03-31,403.1286666666667,215.10533333333333,206.851,132.97166666666666,-0.11919708153599284,-0.4341722499714704,0.006618590492173837,0.01574668435475779,-0.10450033834187344,-0.14690563071336005,0.16330618096196492,0.17473023374668983,0.09992543551114785,0.07799927836482201,0.14795794267200257,0.33155779814032726,0.05247734347709443,0.014352371279599652,0.026546939638110167,0.014661835139644808,0.023594327695781736,0.0324643039119481,0.08456438674591471,0.031347171145402974,0.026436447391423812,0.02201199558476219,0.026974349401953646,0.014259305571127534
2023-06-30,397.9373333333333,214.91933333333336,203.966,67.57333333333334,-0.01404541402969528,-0.6769226450409169,-0.012961244164990227,-0.000865066709038409,-0.11919708153599284,-0.10450033834187344,-0.14690563071336005,0.16330618096196492,0.17473023374668983,0.09992543551114785,0.07799927836482201,0.14795794267200257,0.006618590492173837,0.01574668435475779,0.05247734347709443,0.014352371279599652,0.026546939638110167,0.014661835139644808,0.023594327695781736,0.0324643039119481,0.08456438674591471,0.031347171145402974,0.026436447391423812,0.02201199558476219
2023-09-30,403.19733333333335,213.71833333333333,226.21766666666667,83.38966666666666,0.10354434931975653,0.2103109729043373,0.013131564027757392,-0.005603815232708698,-0.01404541402969528,-0.11919708153599284,-0.10450033834187344,-0.14690563071336005,0.16330618096196492,0.17473023374668983,0.09992543551114785,0.07799927836482201,-0.012961244164990227,-0.000865066709038409,0.006618590492173837,0.01574668435475779,0.05247734347709443,0.014352371279599652,0.026546939638110167,0.014661835139644808,0.023594327695781736,0.0324643039119481,0.08456438674591471,0.031347171145402974
2023-12-31,407.026,216.00433333333334,215.896,88.63766666666668,-0.046700852353618316,0.06103249813706402,0.009450962487430381,0.010639520517625733,0.10354434931975653,-0.01404541402969528,-0.11919708153599284,-0.10450033834187344,-0.14690563071336005,0.16330618096196492,0.17473023374668983,0.09992543551114785,0.013131564027757392,-0.005603815232708698,-0.012961244164990227,-0.000865066709038409,0.006618590492173837,0.01574668435475779,0.05247734347709443,0.014352371279599652,0.026546939638110167,0.014661835139644808,0.023594327695781736,0.0324643039119481
2024-03-31,402.551,219.46133333333333,209.9466666666667,79.71366666666667,-0.027943280045153784,-0.10611585148062375,-0.01105526855974226,0.015877589851568175,-0.046700852353618316,0.10354434931975653,-0.01404541402969528,-0.11919708153599284,-0.10450033834187344,-0.14690563071336005,0.16330618096196492,0.17473023374668983,0.009450962487430381,0.010639520517625733,0.013131564027757392,-0.005603815232708698,-0.012961244164990227,-0.000865066709038409,0.006618590492173837,0.01574668435475779,0.05247734347709443,0.014352371279599652,0.026546939638110167,0.014661835139644808
2024-06-30,404.516,221.05700000000002,222.683,59.894666666666666,0.058895705263625864,-0.2858535835925107,0.004869493816086035,0.007244527751622876,-0.027943280045153784,-0.046700852353618316,0.10354434931975653,-0.01404541402969528,-0.11919708153599284,-0.10450033834187344,-0.14690563071336005,0.16330618096196492,-0.01105526855974226,0.015877589851568175,0.009450962487430381,0.010639520517625733,0.013131564027757392,-0.005603815232708698,-0.012961244164990227,-0.000865066709038409,0.006618590492173837,0.01574668435475779,0.05247734347709443,0.014352371279599652
2024-09-30,403.2333333333333,221.773,208.0873333333333,66.18400000000001,-0.06779137209703467,0.09985127801489568,-0.003175905424755321,0.0032337494024439195,0.058895705263625864,-0.027943280045153784,-0.046700852353618316,0.10354434931975653,-0.01404541402969528,-0.11919708153599284,-0.10450033834187344,-0.14690563071336005,0.004869493816086035,0.007244527751622876,-0.01105526855974226,0.015877589851568175,0.009450962487430381,0.010639520517625733,0.013131564027757392,-0.005603815232708698,-0.012961244164990227,-0.000865066709038409,0.006618590492173837,0.01574668435475779
2024-12-31,402.82300000000004,218.04466666666667,191.88466666666667,85.54933333333332,-0.08106336628054667,0.2566544657061449,-0.0010181257855306214,-0.016954401449209122,-0.06779137209703467,0.058895705263625864,-0.027943280045153784,-0.046700852353618316,0.10354434931975653,-0.01404541402969528,-0.11919708153599284,-0.10450033834187344,-0.003175905424755321,0.0032337494024439195,0.004869493816086035,0.007244527751622876,-0.01105526855974226,0.015877589851568175,0.009450962487430381,0.010639520517625733,0.013131564027757392,-0.005603815232708698,-0.012961244164990227,-0.000865066709038409
2025-03-31,402.71633333333335,223.08133333333333,201.96,120.14033333333333,0.051175160896568705,0.33956729636495275,-0.00026483292094248156,0.022836493664792457,-0.08106336628054667,-0.06779137209703467,0.058895705263625864,-0.027943280045153784,-0.046700852353618316,0.10354434931975653,-0.01404541402969528,-0.11919708153599284,-0.0010181257855306214,-0.016954401449209122,-0.003175905424755321,0.0032337494024439195,0.004869493816086035,0.007244527751622876,-0.01105526855974226,0.015877589851568175,0.009450962487430381,0.010639520517625733,0.013131564027757392,-0.005603815232708698
2025-06-30,403.01,221.63133333333334,179.106,93.48766666666667,-0.12009184864766809,-0.2508309836732501,0.0007289489433848217,-0.006521087646331303,0.051175160896568705,-0.08106336628054667,-0.06779137209703467,0.058895705263625864,-0.027943280045153784,-0.046700852353618316,0.10354434931975653,-0.01404541402969528,-0.00026483292094248156,0.022836493664792457,-0.0010181257855306214,-0.016954401449209122,-0.003175905424755321,0.0032337494024439195,0.004869493816086035,0.007244527751622876,-0.01105526855974226,0.015877589851568175,0.009450962487430381,0.010639520517625733
2025-09-30,397.5765,224.10649999999998,187.68599999999998,86.765,0.04679254436057345,-0.07462620574326273,-0.013574007126699428,0.011106044508556678,-0.12009184864766809,0.051175160896568705,-0.08106336628054667,-0.06779137209703467,0.058895705263625864,-0.027943280045153784,-0.046700852353618316,0.10354434931975653,0.0007289489433848217,-0.006521087646331303,-0.00026483292094248156,0.022836493664792457,-0.0010181257855306214,-0.016954401449209122,-0.003175905424755321,0.0032337494024439195,0.004869493816086035,0.007244527751622876,-0.01105526855974226,0.015877589851568175
